frame_nmr,car_id,car_bbox,license_plate_bbox,license_plate_bbox_score,license_number,license_number_score
0,981.0,[2103.000732421875 1410.793212890625 2771.95556640625 1957.329345703125],[2369.020751953125 1777.197021484375 2555.199462890625 1836.156494140625],0.6155290603637695,HG65ZFX,0.14120990850510792
1,981.0,[2100.614466277798 1411.6403980384935 2773.189603896587 1961.6497351859148],[2376.20458984375 1781.6942138671875 2557.36328125 1841.1324462890625],0.6572234630584717,WG65ZFX,0.25095867657023263
3,981.0,[2111.8481426695953 1423.378918900816 2782.9419772709043 1972.7923780629615],[2369.55126953125 1794.1849365234375 2569.73388671875 1856.8546142578125],0.7010477185249329,NG65ZFX,0.3457787617446232
4,981.0,[2113.581163188984 1424.0625285667197 2786.61563563992 1975.3456600785307],[2371.724853515625 1798.61962890625 2566.651611328125 1857.78125],0.7321166396141052,NC65ZFX,0.3925031991385821
5,981.0,[2112.8917943045662 1428.1009695876512 2789.3374463859636 1983.148068240789],[2377.99169921875 1806.1431884765625 2565.734619140625 1867.1546630859375],0.6979007720947266,NG65ZFY,0.2318331386546306
9,981.0,[2113.1417186432022 1449.3190440136439 2797.5009338396426 2008.354772680522],[2388.642578125 1835.5975341796875 2580.493408203125 1909.4600830078125],0.28440728783607483,NG65ZFY,0.40176422250861255
10,981.0,[2110.7640956044215 1454.4130990096892 2797.4072713616206 2013.070794665659],[2394.01123046875 1842.974853515625 2578.876953125 1908.251220703125],0.3143126368522644,WG65ZFX,0.2749255670064211
11,981.0,[2108.678951520169 1459.6392921623897 2797.652390367378 2018.5217889182659],[2380.379150390625 1842.29736328125 2580.869384765625 1903.503662109375],0.7398209571838379,NG65ZFX,0.3490496607922288
12,981.0,[2113.6756415415753 1465.325158097382 2802.9433866477543 2025.7053758101215],[2387.1416015625 1848.1995849609375 2584.346923828125 1909.8951416015625],0.7410305142402649,NG65ZFX,0.37304055574684947
